id,primeiro_nome,ultimo_nome,sexo,empresa,departamento,idioma
1,Isidro,Langlois,Genderqueer,Vipe,Research and Development,Gujarati
2,Rikki,McGiffie,Female,Zooxo,Marketing,Mongolian
3,Gabi,Yearron,Male,Aimbo,Legal,Montenegrin
4,Reynold,Wearden,Genderfluid,Realblab,Business Development,Kyrgyz
5,Vaughan,McGaffey,Male,Fanoodle,Marketing,Tswana
6,Gabriele,Dacre,Male,Realblab,Human Resources,Amharic
7,Bram,Yourell,Male,Quaxo,Business Development,Portuguese
8,Johanna,Rutland,Female,Leexo,Business Development,Tok Pisin
9,Veriee,Ciobutaro,Female,Mybuzz,Legal,Tok Pisin
10,Chrissy,Flacke,Female,Leexo,Support,Bengali
11,Zachariah,Aizikov,Male,Skyvu,Training,Marathi
12,Thekla,Mallock,Female,Jayo,Research and Development,Luxembourgish
13,Malvina,Parnaby,Bigender,Rhybox,Product Management,Romanian
14,Fredric,Bemlott,Male,Realcube,Sales,Aymara
15,Ruby,Gilburt,Female,Yamia,Legal,Filipino
16,Patricio,Heining,Male,Bubblebox,Human Resources,Maltese
17,Pembroke,Phonix,Genderfluid,Wordtune,Support,Telugu
18,Erda,Bogue,Female,Innotype,Legal,French
19,Farris,Rowley,Agender,Meedoo,Support,German
20,Oriana,Winnister,Polygender,Skiba,Business Development,Dhivehi
21,Carola,Tellenbroker,Bigender,Yadel,Business Development,Hindi
22,Sal,Lidstone,Female,Yodel,Research and Development,Sotho
23,Deny,Tumilty,Female,Eamia,Marketing,Dzongkha
24,Merle,Murcutt,Male,Jamia,Sales,Bengali
25,Upton,Oxford,Male,Riffpath,Legal,Hungarian
26,Nady,Dahlman,Female,Mynte,Engineering,Yiddish
27,Athene,Barfford,Non-binary,Chatterpoint,Product Management,Montenegrin
28,Davita,Diem,Female,Photojam,Business Development,Arabic
29,Angelica,Huddart,Female,Yodo,Engineering,Luxembourgish
30,Eli,Wolfart,Male,Demimbu,Research and Development,Latvian
31,Simonne,Mahood,Female,Eazzy,Services,Swedish
32,Guss,Torres,Male,Thoughtsphere,Marketing,Mongolian
33,Berny,Minot,Female,Meetz,Accounting,Irish Gaelic
34,Estell,Ascroft,Female,Einti,Legal,Icelandic
35,Prudi,Toffoloni,Female,Meemm,Marketing,Afrikaans
36,Tallulah,Blacklawe,Female,Tagfeed,Engineering,Afrikaans
37,Avery,Bendel,Male,Kimia,Support,Persian
38,Pebrook,Mangon,Male,Flashpoint,Engineering,Japanese
39,Idell,Criple,Female,Skipstorm,Services,Belarusian
40,Ralph,Tutchings,Male,Trudeo,Services,Dzongkha
41,Cordelia,Tottie,Female,Twitterbeat,Human Resources,West Frisian
42,Josefina,Lettley,Female,Feedfish,Legal,Greek
43,Cherianne,Drain,Female,Thoughtworks,Engineering,Nepali
44,Carmita,Ellgood,Female,Jabbersphere,Product Management,Kannada
45,Raine,Hambrick,Female,Youbridge,Support,Maltese
46,Else,Pervew,Female,Skyba,Business Development,Azeri
47,Belva,Corselles,Female,Vitz,Services,Finnish
48,Roxanna,Ryott,Female,Jaxspan,Support,Telugu
49,Miguelita,Checklin,Female,Blogtag,Training,Afrikaans
50,Judd,Eronie,Male,Ntags,Engineering,Malayalam
51,Paxon,Tinline,Male,Pixope,Services,Lao
52,Danette,Gingel,Female,Plajo,Services,Kurdish
53,Raphaela,Luetkemeyer,Female,Wordware,Legal,Assamese
54,Ganny,McCoughan,Male,Quire,Business Development,Danish
55,Maxy,Sander,Female,Centidel,Services,Tajik
56,Justinian,Chantrell,Male,Youbridge,Training,Luxembourgish
57,Ginger,Scotter,Genderqueer,Eimbee,Human Resources,Japanese
58,Tana,Hulk,Female,Tagcat,Engineering,Hiri Motu
59,Sophronia,Thomerson,Female,Linktype,Research and Development,Bulgarian
60,Madalena,Canfer,Female,Meedoo,Accounting,Gujarati
61,Honor,Manthroppe,Genderfluid,Skinte,Engineering,Kannada
62,Irena,Adelberg,Female,Mydo,Research and Development,Irish Gaelic
63,Clarita,Bellingham,Female,Flashpoint,Marketing,Bosnian
64,Codie,Linton,Male,Katz,Training,Finnish
65,Chip,Ensten,Male,Yambee,Engineering,Lithuanian
66,Robb,Avrahm,Male,Topdrive,Legal,Swahili
67,Modesta,Theobalds,Female,Kwinu,Human Resources,Indonesian
68,Patton,Petken,Male,Gabcube,Support,Tajik
69,Olin,Lavers,Agender,Wikizz,Research and Development,Azeri
70,Julianne,Berriball,Female,Feednation,Services,Irish Gaelic
71,Mohandis,Farthing,Male,Meejo,Support,New Zealand Sign Language
72,Jessamine,McConnal,Female,Dynazzy,Accounting,Icelandic
73,Rubi,Hallowell,Female,Nlounge,Engineering,Polish
74,Star,Arendsen,Agender,Meejo,Human Resources,Albanian
75,Nil,Fooks,Male,Dabshots,Sales,Macedonian
76,Jenifer,Maylin,Female,Devcast,Product Management,Estonian
77,Luigi,Eva,Agender,Wikibox,Services,Estonian
78,Carlyn,Purchon,Female,Zoombox,Services,Malayalam
79,Bern,Kensy,Non-binary,Oloo,Training,Telugu
80,Lorene,Richly,Female,Thoughtstorm,Sales,Macedonian
81,Ambrosius,Goldsbrough,Male,Jaxnation,Accounting,Marathi
82,Dorolisa,Cobbledick,Female,Twinder,Training,Gagauz
83,Olag,Tolomei,Male,Blogtags,Marketing,Danish
84,Rob,Yeaman,Male,Rhybox,Engineering,Guaraní
85,Revkah,Landis,Female,Buzzdog,Business Development,Guaraní
86,Danna,Coppenhall,Female,Wordtune,Training,Mongolian
87,Ody,Bulleyn,Male,Voonte,Business Development,Croatian
88,Leda,Logue,Female,Dynazzy,Human Resources,Tsonga
89,Gayel,Ulyat,Female,Oyoloo,Research and Development,Romanian
90,Kinny,Twaite,Male,Photojam,Business Development,Haitian Creole
91,Seamus,Rodgier,Male,Dynazzy,Engineering,Maltese
92,Olga,Eddleston,Female,Flashdog,Training,Catalan
93,Cazzie,Lavens,Male,Aimbo,Training,Mongolian
94,Leda,Bartens,Female,Oyoba,Accounting,Danish
95,Bogart,Goldthorp,Male,Devify,Human Resources,Romanian
96,Terra,Jeskins,Female,Fliptune,Engineering,Belarusian
97,Freddie,Simson,Male,Omba,Business Development,Tamil
98,Nels,Durrell,Male,Rhycero,Human Resources,Tok Pisin
99,Chas,Shoesmith,Male,Skyba,Training,Assamese
100,Colleen,Rosenschein,Female,Jabbersphere,Business Development,Latvian
101,Ashla,Bellinger,Genderfluid,Muxo,Training,Haitian Creole
102,Sydel,Ryan,Polygender,Tagchat,Legal,Bulgarian
103,Murdock,Gamet,Male,Twitterbridge,Sales,Kyrgyz
104,Marisa,Lethbrig,Female,Voolith,Human Resources,Tamil
105,Birk,Simmonett,Male,Omba,Sales,Belarusian
106,Fairfax,Cloney,Male,Linkbridge,Training,Bengali
107,Lidia,Staniland,Female,Feedspan,Training,Lao
108,Marlin,Stennett,Male,Blognation,Accounting,Icelandic
109,Fremont,Eckart,Male,Realcube,Sales,Quechua
110,Mela,Fancourt,Female,Buzzster,Business Development,Belarusian
111,Herbie,Aymes,Male,Lajo,Product Management,Pashto
112,Milissent,Crapper,Female,Trudoo,Human Resources,Belarusian
113,Webb,Aldin,Male,Blognation,Marketing,Hindi
114,Jennica,Egdale,Female,Trilith,Business Development,Norwegian
115,Alvinia,Gerbi,Female,Leexo,Research and Development,Nepali
116,Analiese,MacDuff,Female,Kayveo,Training,Belarusian
117,Lulita,Perton,Female,Livetube,Legal,Amharic
118,Elbertine,Regitz,Female,Midel,Training,Tamil
119,Andriette,Readwood,Genderfluid,Lazz,Support,Luxembourgish
120,Alisander,Cavilla,Male,Skidoo,Accounting,Assamese
121,Abba,Ashenhurst,Male,Meemm,Research and Development,Dzongkha
122,Valle,Curragh,Male,Zoomcast,Business Development,Czech
123,Pippo,Selwyn,Male,Avaveo,Sales,Thai
124,Osbourne,Clouston,Male,Livepath,Human Resources,Portuguese
125,Gay,Heersema,Female,Blogpad,Human Resources,Khmer
126,Bard,Potbury,Male,Midel,Support,Spanish
127,Karalee,Tramel,Female,Izio,Training,Yiddish
128,Britt,Rivel,Male,Twitterwire,Services,Aymara
129,Annadiana,Meco,Female,Mydeo,Marketing,Icelandic
130,Adria,Teather,Female,Trudeo,Services,Yiddish
131,Charlena,Valentinetti,Female,Zoonder,Business Development,Bosnian
132,Hobie,Gherardini,Male,Zoonoodle,Services,German
133,Rosy,Bonevant,Female,Eazzy,Accounting,Hebrew
134,Filip,Guillain,Male,Meeveo,Sales,Gagauz
135,Lynett,Lowe,Female,Skyndu,Support,New Zealand Sign Language
136,Rochell,Maffione,Female,Jaxnation,Engineering,Fijian
137,Glenden,Scroxton,Male,Kazu,Support,Czech
138,Elbert,Fee,Male,Skimia,Product Management,Czech
139,Emmye,Tapin,Female,Trunyx,Support,Guaraní
140,Pam,Jehaes,Female,Devify,Support,Mongolian
141,Sigvard,Tolussi,Male,Skinte,Services,Kannada
142,Spike,Gomer,Male,Npath,Engineering,Amharic
143,Marcus,Beushaw,Male,Dazzlesphere,Support,Finnish
144,Giffy,Coenraets,Male,Yadel,Support,Zulu
145,Jada,Ditts,Female,Photolist,Business Development,Gujarati
146,Daffie,Duignan,Female,Npath,Services,Tetum
147,Hastie,Wybrew,Bigender,Meembee,Sales,Dhivehi
148,Harlie,Cockerell,Female,Yakitri,Marketing,Punjabi
149,Harwilll,Dinis,Male,Jabbertype,Business Development,Tsonga
150,Electra,Coldrick,Female,Skyvu,Services,Tok Pisin
151,Stanford,Downing,Male,Twiyo,Engineering,Tamil
152,Dee dee,McDavid,Female,Divavu,Support,Icelandic
153,Vale,Derrett,Male,Cogilith,Marketing,Malayalam
154,Octavius,Brennenstuhl,Male,Babbleset,Services,Telugu
155,Carny,Shoorbrooke,Male,Dablist,Business Development,Hiri Motu
156,Marlyn,Ward,Female,Skiba,Human Resources,Swahili
157,Shandeigh,Whyard,Female,Photobug,Product Management,Hungarian
158,Tomlin,Face,Male,Trilia,Training,Assamese
159,Major,O'Dowling,Male,Eire,Services,Indonesian
160,Lutero,Darlasson,Male,Realblab,Product Management,Romanian
161,Silvie,Oleszkiewicz,Female,Jayo,Accounting,Gujarati
162,Aube,Wombwell,Male,Skinix,Training,Dzongkha
163,Madelaine,Curwood,Female,Jaloo,Product Management,Lithuanian
164,Axel,Outright,Male,Kimia,Accounting,Haitian Creole
165,Amby,Gittose,Male,Oyoyo,Marketing,Mongolian
166,Wendall,Hollow,Male,Tavu,Product Management,Dzongkha
167,Letta,Trematick,Female,Voolia,Legal,Tsonga
168,Sherm,Duffin,Male,Edgetag,Accounting,Persian
169,Alard,Gostage,Male,Quatz,Business Development,Kazakh
170,Marshall,Yeaman,Male,Npath,Accounting,Fijian
171,Emmalynne,Culmer,Female,Skiba,Support,English
172,Tonie,Gebhard,Female,Omba,Training,Sotho
173,Nikos,Tasch,Male,Jaxnation,Product Management,Swedish
174,Cyrille,Clyburn,Genderfluid,Skajo,Engineering,Telugu
175,Abel,Dursley,Male,Oloo,Business Development,Tswana
176,Hermina,Groocock,Female,Demivee,Legal,Lao
177,Cindelyn,Tenney,Female,Realcube,Marketing,Bulgarian
178,Kenon,Tomasz,Male,Linktype,Engineering,Burmese
179,Welbie,North,Male,Voolith,Research and Development,Hindi
180,Ninetta,Jobin,Female,Realbridge,Accounting,Haitian Creole
181,Tera,Gifkins,Non-binary,Tavu,Business Development,Maltese
182,Dorree,Bummfrey,Female,Youfeed,Engineering,Persian
183,Nat,Kimbly,Polygender,DabZ,Services,Montenegrin
184,Faulkner,O'Duane,Male,Gigaclub,Support,Croatian
185,Shelia,Appleyard,Female,Photobean,Services,Burmese
186,Joanna,Levitt,Polygender,Mydo,Accounting,Somali
187,Aloysia,Wornham,Female,Quamba,Services,Dutch
188,Ester,Gritskov,Female,Tagchat,Sales,Finnish
189,Kimberly,Pherps,Female,Thoughtbridge,Accounting,Marathi
190,Venita,Danbury,Female,Kamba,Product Management,Mongolian
191,Jaquenette,Cockarill,Female,Browsezoom,Product Management,Hiri Motu
192,Robinia,Goodall,Female,Skilith,Research and Development,Korean
193,Leila,Duckit,Female,Brainverse,Research and Development,Lao
194,Bartie,McIlmurray,Male,Skalith,Sales,Estonian
195,Manya,Goulding,Female,Oyoloo,Support,Tsonga
196,Caren,Dufton,Female,Zoonoodle,Product Management,Swahili
197,Florian,Havers,Male,Gigazoom,Engineering,Marathi
198,Sawyer,Minard,Male,Twitterbeat,Product Management,Irish Gaelic
199,Emalia,Mishaw,Female,Muxo,Marketing,Bulgarian
200,Tammi,Guisler,Female,Podcat,Marketing,Indonesian
201,Tandy,Brownlee,Female,Realbridge,Services,Fijian
202,Barbaraanne,Jodlowski,Female,Browsetype,Services,Norwegian
203,Dyanna,MacMearty,Female,Kwideo,Engineering,Irish Gaelic
204,Janie,Larrad,Female,Browsebug,Human Resources,Danish
205,Reynard,Nesby,Male,Quimm,Sales,Lao
206,Adriena,Liddiatt,Female,Blogtag,Accounting,Japanese
207,Wilmette,Hynes,Female,Skinte,Marketing,Amharic
208,Patten,Gardener,Male,Abata,Research and Development,Kazakh
209,Lori,Gaymar,Female,Twitterlist,Sales,Irish Gaelic
210,Say,Maleham,Genderqueer,Jaxbean,Sales,Dari
211,Karin,Dracey,Female,Devify,Engineering,Aymara
212,Zandra,Bernhart,Female,Rhyloo,Support,Hebrew
213,Leslie,Goodchild,Female,Wordify,Business Development,Tok Pisin
214,Winifred,Guard,Female,Wordpedia,Training,French
215,Carlos,Ivancevic,Male,Skipstorm,Engineering,Hebrew
216,Teddie,Tunnacliffe,Male,Voolith,Accounting,Gagauz
217,Windy,Hutten,Female,Bluezoom,Training,New Zealand Sign Language
218,Terrie,Featherbie,Female,Yodel,Research and Development,Montenegrin
219,Ian,Collcutt,Male,Quamba,Marketing,Kyrgyz
220,Seymour,Treece,Male,Voolith,Product Management,Hindi
221,Dulcinea,Meys,Female,Rhynoodle,Marketing,Chinese
222,Ignace,Askew,Polygender,Photobug,Accounting,Luxembourgish
223,Lois,Gingold,Non-binary,Photobug,Sales,Armenian
224,Happy,Shipley,Female,Jamia,Engineering,Tok Pisin
225,Mireielle,Aphale,Polygender,Blogtags,Engineering,Sotho
226,Odo,Teale,Male,Wikivu,Business Development,Yiddish
227,Vince,Goodspeed,Non-binary,Photobug,Human Resources,Dzongkha
228,Jonie,McColl,Female,Yoveo,Services,Hindi
229,Avram,Allaway,Male,Zoomzone,Services,Gujarati
230,Cathrine,Blanning,Female,Trudeo,Support,Zulu
231,Coletta,Griffitts,Female,Blogspan,Human Resources,Lithuanian
232,Winonah,Leverton,Female,Dabshots,Product Management,West Frisian
233,Shea,Danks,Female,Vidoo,Business Development,Japanese
234,Homerus,Delahunty,Agender,Brainsphere,Human Resources,Ndebele
235,Faunie,Londsdale,Female,Skidoo,Sales,Arabic
236,Laurie,Leisman,Male,Mudo,Support,Tsonga
237,Sharyl,Stow,Female,Tagpad,Marketing,Catalan
238,Lethia,Hendricks,Female,Thoughtbeat,Marketing,Portuguese
239,Lotti,Mort,Female,InnoZ,Training,Northern Sotho
240,Selle,Mathissen,Bigender,Geba,Sales,Dzongkha
241,Geralda,Kernaghan,Agender,Buzzster,Business Development,German
242,Yancey,Lightoller,Male,Yambee,Business Development,Assamese
243,Graeme,Frankiss,Male,Bluejam,Accounting,Khmer
244,Jannel,Beausang,Female,Eire,Engineering,Montenegrin
245,Naomi,Josofovitz,Female,Yambee,Marketing,Mongolian
246,Roddie,Ellerey,Male,Yoveo,Business Development,Burmese
247,Chelsy,Trengrouse,Female,LiveZ,Services,Belarusian
248,Olivette,Filyushkin,Genderqueer,Shufflester,Training,Kazakh
249,Adelheid,Flay,Female,Dabtype,Business Development,Dutch
250,Abie,Forrestill,Male,Thoughtsphere,Services,Finnish
251,Eb,Whitewood,Male,Dabshots,Business Development,New Zealand Sign Language
252,Tobey,Kerrigan,Agender,Aimbu,Marketing,Hungarian
253,Damian,Croft,Male,DabZ,Legal,Maltese
254,Stanfield,Shipman,Male,Twitterbeat,Legal,Somali
255,Tiffani,Antcliffe,Genderfluid,Buzzbean,Sales,Northern Sotho
256,Engelbert,De Meyer,Male,Topdrive,Engineering,Haitian Creole
257,Vicki,Limbert,Female,Tagfeed,Engineering,Greek
258,Merissa,Woolland,Female,Brightbean,Business Development,Bosnian
259,Benyamin,Wynes,Male,Aibox,Marketing,Filipino
260,Sabina,Pile,Female,Skiba,Product Management,Italian
261,Jayme,Iannitti,Male,Pixonyx,Product Management,Swedish
262,Emma,De Malchar,Female,Einti,Services,Papiamento
263,Marvin,Cominoli,Male,Edgeblab,Human Resources,Spanish
264,Arnie,Maudsley,Male,Kwilith,Sales,Norwegian
265,Barnabe,Pandya,Male,Twiyo,Human Resources,Khmer
266,Issiah,Levecque,Male,Flipstorm,Product Management,Bulgarian
267,Margret,Semkins,Female,Kimia,Marketing,Azeri
268,Barbe,Lehr,Female,Blogtag,Research and Development,Somali
269,Hobey,Bilbee,Male,Mudo,Engineering,Spanish
270,Kaiser,Seear,Male,Vitz,Support,Italian
271,Westley,Phette,Male,Skaboo,Human Resources,Japanese
272,Marni,Thal,Female,Photobug,Human Resources,Bosnian
273,Abbot,Padgett,Male,Jaxworks,Legal,Catalan
274,Micki,Sherville,Female,Realcube,Product Management,Greek
275,Guthry,Dawber,Male,Realpoint,Services,Chinese
276,Frances,Reisenberg,Female,Thoughtsphere,Marketing,Punjabi
277,Rich,Bealing,Male,Devpoint,Sales,Amharic
278,Rebekah,Guinane,Female,Talane,Training,Moldovan
279,Rodd,Maine,Male,Dynabox,Accounting,English
280,Bell,Pitson,Female,Yakijo,Accounting,Haitian Creole
281,Marlin,Harbert,Male,Snaptags,Sales,Mongolian
282,Cobbie,Gullick,Genderqueer,Babbleblab,Research and Development,Tok Pisin
283,Udall,Diggins,Male,Tagcat,Support,Indonesian
284,Lara,Westall,Female,Oyonder,Legal,Tsonga
285,Adolpho,Cherry Holme,Male,Tagopia,Sales,Korean
286,Harley,Porkiss,Male,Yadel,Marketing,Greek
287,Akim,Silverthorne,Male,Innojam,Marketing,Hindi
288,Linnea,Hammersley,Female,Topdrive,Marketing,Indonesian
289,Cristionna,Sibley,Female,Meejo,Sales,Māori
290,Christos,Bartleet,Male,Skinix,Accounting,Ndebele
291,Liz,Kasparski,Female,Jaxbean,Sales,Armenian
292,Worden,Clemetts,Male,Skaboo,Research and Development,Thai
293,Arnie,Lakenton,Male,Browseblab,Product Management,Tsonga
294,Hubie,Van Arsdall,Male,Realcube,Support,Icelandic
295,Nikolai,Fransman,Male,JumpXS,Engineering,Kannada
296,Patti,Gummary,Female,Gabtune,Product Management,Kazakh
297,Terrell,Roelofs,Male,Jabbersphere,Sales,Tajik
298,Mallory,Burnsyde,Male,Yamia,Product Management,Pashto
299,Andra,Leveret,Female,Browsezoom,Engineering,Fijian
300,Cordie,Orford,Male,Twitterbeat,Support,Luxembourgish
301,Diane-marie,Braney,Non-binary,Dynazzy,Product Management,Bulgarian
302,Gary,Piddick,Male,Fivespan,Training,Bosnian
303,Mario,Baggarley,Male,Aimbo,Engineering,Oriya
304,Janos,Clemmens,Male,Izio,Training,New Zealand Sign Language
305,Reube,Westover,Male,Fivespan,Marketing,Icelandic
306,Farlie,Leaning,Genderqueer,Yamia,Services,Māori
307,Elinore,Bartolozzi,Non-binary,Photofeed,Accounting,Lao
308,Marleen,Delatour,Female,Linklinks,Engineering,Lao
309,Star,Collough,Female,Jetpulse,Marketing,Tswana
310,Carrissa,Skellorne,Female,Meevee,Training,Māori
311,Katalin,Hulk,Female,Jetwire,Support,Somali
312,Dexter,Jerzak,Male,Kayveo,Human Resources,Kannada
313,Caddric,Battman,Male,Trudoo,Accounting,Bulgarian
314,Cindee,Gammell,Female,Babbleset,Services,Pashto
315,Katharine,Fairbairn,Female,Youopia,Human Resources,Mongolian
316,Cornelius,Dickon,Male,Trilith,Accounting,Croatian
317,Sascha,Petschelt,Male,Jazzy,Human Resources,Tetum
318,Franklyn,Churchley,Male,Flashpoint,Business Development,French
319,Janelle,Kibbye,Polygender,Oyoloo,Product Management,New Zealand Sign Language
320,Fedora,De Atta,Female,Blogtag,Marketing,Armenian
321,Loutitia,Avo,Female,Oloo,Human Resources,Kashmiri
322,Savina,Moogan,Female,Zoombox,Sales,Kashmiri
323,Ellwood,Cordier,Male,Kare,Training,Arabic
324,Dorian,McCritichie,Female,Blogspan,Business Development,Icelandic
325,Chryste,Sugge,Female,Jayo,Accounting,Korean
326,Alina,Beesey,Female,Tanoodle,Legal,Somali
327,Pietrek,McAllan,Non-binary,Latz,Human Resources,Quechua
328,Lonnard,Studdal,Male,Jetpulse,Training,Filipino
329,Wilbert,Sedge,Male,Buzzster,Research and Development,Icelandic
330,Buck,Ceely,Male,Jabbersphere,Human Resources,Italian
331,Roma,Penticoot,Male,Cogilith,Human Resources,Aymara
332,Alberik,Onele,Male,Wordify,Engineering,Chinese
333,Benedetto,Bonniface,Male,Tagopia,Human Resources,Tswana
334,Aguste,Asser,Male,Riffwire,Research and Development,Afrikaans
335,Roana,Dobsons,Female,Zoonoodle,Training,Malayalam
336,Karla,Fines,Bigender,Feedfire,Marketing,Kashmiri
337,Connor,Lidgard,Male,LiveZ,Accounting,Macedonian
338,Karney,Cars,Male,Quatz,Services,Italian
339,Felicity,Bernholt,Female,Kwideo,Legal,Georgian
340,Jemmy,MacAfee,Female,Wordware,Engineering,Thai
341,Marty,Mattiuzzi,Female,Linktype,Human Resources,Kurdish
342,Gifford,Shale,Male,Kazio,Accounting,Japanese
343,Rosanne,Kirtlan,Female,Aimbu,Research and Development,Malagasy
344,Bekki,Cordingly,Female,Shufflester,Services,Zulu
345,Marlon,Lindroos,Male,Lajo,Marketing,Mongolian
346,Simonette,Rubenchik,Female,Eayo,Human Resources,Haitian Creole
347,Cliff,Fromant,Male,Zoovu,Engineering,Hebrew
348,Diane,Cooke,Non-binary,Quinu,Product Management,Polish
349,Pierre,McAlister,Male,Podcat,Product Management,German
350,Willyt,Petican,Female,Jazzy,Training,Malagasy
351,Hilton,Arderne,Male,Mynte,Legal,Guaraní
352,Susie,Curuclis,Female,Devify,Legal,Arabic
353,Roberta,Witnall,Female,Trudoo,Services,Chinese
354,Emmalee,Josupeit,Female,Thoughtblab,Research and Development,Chinese
355,Dolly,Paumier,Female,Jaxnation,Services,Aymara
356,Earlie,Winchurst,Male,Devpoint,Business Development,Somali
357,Isis,Dell Casa,Female,Rhybox,Support,Afrikaans
358,Austen,Pummery,Male,Skibox,Accounting,Bengali
359,Stoddard,Bettenay,Agender,Yambee,Engineering,Maltese
360,Karry,Truter,Female,Riffwire,Product Management,Tsonga
361,Phillis,Kaminski,Female,Realcube,Marketing,Icelandic
362,Justinian,MacCaughey,Male,Latz,Training,Lao
363,Scotti,Petkov,Male,Pixonyx,Product Management,Punjabi
364,Lily,Hubber,Female,Meedoo,Business Development,Arabic
365,Vaclav,Harrigan,Male,Leenti,Services,Filipino
366,Nerita,Hodgins,Female,Skyba,Sales,Haitian Creole
367,Jaclin,Martinet,Bigender,Aivee,Human Resources,Tswana
368,Barbabra,Whitmell,Female,Quimba,Business Development,Haitian Creole
369,Rockwell,Pilfold,Male,Flipopia,Sales,Moldovan
370,Christoforo,Simondson,Male,Dynabox,Human Resources,Catalan
371,Niki,Pinsent,Genderqueer,Dynabox,Human Resources,Fijian
372,Charleen,Raffin,Female,Kwideo,Business Development,Fijian
373,Grazia,Denton,Female,Thoughtbeat,Support,Greek
374,Cicily,Sancias,Female,Photolist,Marketing,Khmer
375,Jenine,Youd,Female,Jayo,Sales,Hiri Motu
376,Evelina,Peebles,Female,Edgeblab,Business Development,Thai
377,Ty,Shillan,Male,Blogpad,Business Development,Italian
378,Sean,Watman,Female,Livetube,Accounting,Hebrew
379,Horace,Hundell,Male,Yotz,Human Resources,Latvian
380,Dom,Greeves,Bigender,Skimia,Engineering,Telugu
381,Mavra,Greiser,Female,Wordtune,Research and Development,Hindi
382,Matilda,Jindacek,Female,Edgeclub,Engineering,Finnish
383,Linzy,Radleigh,Female,Jamia,Support,Hebrew
384,Jan,O'Crevy,Male,Babbleopia,Product Management,Aymara
385,Hersch,Dinis,Male,Brainbox,Sales,Tsonga
386,Timothea,Crichten,Female,Tazz,Engineering,Tetum
387,Martina,Batchelour,Female,Brainbox,Sales,Assamese
388,Kendall,Novak,Male,Tambee,Services,Hindi
389,Augustine,Veronique,Male,Blogtags,Product Management,New Zealand Sign Language
390,Anastassia,Pudden,Female,Oyope,Services,Gujarati
391,Isabelita,Vannacci,Female,Oyondu,Marketing,Czech
392,Carolyne,Oldacres,Female,Skyba,Legal,French
393,Petrina,Eilert,Female,Dabshots,Research and Development,Japanese
394,Paco,Petrussi,Male,Trilia,Legal,Punjabi
395,Tallulah,Castella,Female,Livetube,Legal,Japanese
396,Guido,Drummond,Male,Bubblebox,Training,Amharic
397,Eadith,Burrass,Female,Trudoo,Training,Northern Sotho
398,Danice,Vigietti,Female,Kwimbee,Engineering,Japanese
399,Swen,Gisburn,Male,Mynte,Training,Malagasy
400,Ky,Matushevich,Male,Thoughtbeat,Support,German
401,Che,Rounds,Male,Nlounge,Marketing,Gagauz
402,Emeline,Konzel,Female,Devbug,Accounting,Dutch
403,Karla,Lockie,Female,Tekfly,Sales,Northern Sotho
404,Ki,Du Plantier,Female,Flipopia,Training,Burmese
405,Loren,Peatt,Female,Browsetype,Business Development,Tsonga
406,Randall,Callan,Male,Oyope,Services,Polish
407,Clayborn,Cartledge,Male,Brightbean,Engineering,Gagauz
408,Charissa,Ferrino,Non-binary,Mycat,Accounting,Montenegrin
409,Sadella,Sydry,Polygender,Skyndu,Training,Marathi
410,Mariel,Debill,Female,Mybuzz,Sales,Portuguese
411,Laurens,Gubbins,Male,Demivee,Research and Development,Tamil
412,Edith,Dowdle,Female,Tagfeed,Product Management,Indonesian
413,Dasi,Wapples,Female,Mynte,Business Development,Fijian
414,Gaelan,Hofer,Male,Quamba,Accounting,Swati
415,Channa,Rannald,Female,Aivee,Services,Dutch
416,Putnam,McSperron,Male,Rhynyx,Training,Georgian
417,Logan,Inder,Male,Tagopia,Sales,Tsonga
418,Martino,Megainey,Male,Bubblebox,Business Development,Bislama
419,Eliot,Cutmere,Male,Oyoba,Engineering,Tamil
420,Edeline,Chesworth,Female,Realbridge,Accounting,Polish
421,Sax,Shore,Genderqueer,Brainlounge,Legal,Pashto
422,Jimmie,Kinner,Male,Dynabox,Accounting,Montenegrin
423,Alex,Eland,Male,Dynabox,Product Management,Malay
424,Yasmin,Varden,Female,Rhynyx,Sales,Korean
425,Herc,Brew,Male,Twitternation,Sales,Croatian
426,Ericha,Chillistone,Female,Bubblebox,Legal,Hebrew
427,Ethelyn,Jeaycock,Female,Photobug,Accounting,Dutch
428,Gilberto,Edmett,Male,Shufflebeat,Training,Luxembourgish
429,Guillermo,Maryon,Male,Dabshots,Services,Assamese
430,Iolanthe,Fardoe,Female,Fanoodle,Accounting,Filipino
431,Nate,Pabelik,Non-binary,Aivee,Accounting,Macedonian
432,Brod,Nicklin,Male,Aimbo,Training,English
433,Nerita,Buckle,Female,Leenti,Accounting,Fijian
434,Bonni,Extance,Female,Roomm,Business Development,Korean
435,Thorny,Benardeau,Male,Skalith,Business Development,Burmese
436,Bobbe,Ismirnioglou,Female,Tekfly,Services,Bislama
437,Lee,Aldins,Male,Feedfire,Product Management,Italian
438,Daisie,Selley,Female,Feedmix,Business Development,Punjabi
439,Brew,Buer,Agender,Realfire,Accounting,Finnish
440,Natal,Adam,Male,Reallinks,Services,Sotho
441,Saraann,Clyant,Female,Fiveclub,Engineering,Lithuanian
442,Normand,Jakubovitch,Male,Voonder,Support,Filipino
443,Ailee,Hallbird,Genderfluid,Fivebridge,Services,Quechua
444,Irvine,Jaffa,Male,Thoughtstorm,Business Development,Burmese
445,Byran,Balasin,Male,Babbleset,Research and Development,Chinese
446,Dicky,Culver,Male,Babbleblab,Engineering,Norwegian
447,Pembroke,Diglin,Male,Wordware,Training,Irish Gaelic
448,Jaye,Leftbridge,Male,Feedfire,Research and Development,Latvian
449,Eduard,Rozenzweig,Male,Twitterbeat,Sales,Fijian
450,Irwinn,Hentzeler,Male,Bubblebox,Marketing,Quechua
451,Isobel,McNutt,Genderfluid,Jaxbean,Marketing,Assamese
452,Martica,Fyall,Female,Divavu,Services,Danish
453,Hayyim,Warnock,Male,Zoovu,Engineering,Kannada
454,Jamill,Haslam,Male,Kwilith,Human Resources,Pashto
455,Odey,Cartwright,Male,Wikizz,Product Management,Dhivehi
456,Deanne,Chaulk,Agender,Youspan,Accounting,Assamese
457,Johannes,Goodey,Male,Vipe,Support,German
458,Elwin,Lahrs,Male,Kaymbo,Research and Development,Persian
459,Baxter,Thomason,Male,Tambee,Sales,Bulgarian
460,Bert,Angless,Female,Plambee,Support,Assamese
461,Tandi,Gorelli,Female,Browsedrive,Services,Marathi
462,Andras,Coldrick,Male,Yakijo,Human Resources,Gujarati
463,Goober,Warlock,Male,Youfeed,Human Resources,Māori
464,Tymothy,Scouler,Male,Snaptags,Marketing,Hindi
465,Bethina,Prangle,Female,Photobean,Sales,French
466,Terese,Djorvic,Female,Skippad,Marketing,Luxembourgish
467,Townsend,Lomasna,Male,Mynte,Product Management,Chinese
468,Andrus,Philipp,Male,Camido,Business Development,Dzongkha
469,Felix,Grishunin,Male,Edgeclub,Training,Portuguese
470,Lucio,Jukes,Male,Rhynoodle,Human Resources,Somali
471,Zsa zsa,Keymar,Female,Twitternation,Services,Estonian
472,Beauregard,Staveley,Male,Flashdog,Human Resources,Czech
473,Cletis,Pillington,Male,Yakidoo,Business Development,Gujarati
474,Shannen,Cleef,Female,Rhynyx,Research and Development,Punjabi
475,Violet,Prinne,Female,Youbridge,Research and Development,Burmese
476,Hoyt,De Giovanni,Male,Voolia,Accounting,Estonian
477,Vassili,Lorey,Genderqueer,Photospace,Support,Guaraní
478,Shepard,Sextone,Male,Wordify,Business Development,Tswana
479,Nikki,Attwoul,Male,Voonyx,Services,Danish
480,Essy,Cullerne,Non-binary,Bubblemix,Research and Development,Papiamento
481,Nita,Simkovitz,Female,Lazzy,Services,Zulu
482,Den,Florentine,Male,Meevee,Sales,Mongolian
483,Alric,Strettell,Male,Zoomzone,Services,Lao
484,Garald,Saltsberg,Male,Trudoo,Human Resources,Korean
485,Ronni,Struthers,Female,Podcat,Business Development,Ndebele
486,Joleen,Pykerman,Female,Trilia,Support,Hungarian
487,Daniele,O'Cahsedy,Female,Gabcube,Research and Development,Norwegian
488,Emmery,Ceely,Agender,Voonix,Sales,Dzongkha
489,Stephen,Bollis,Male,Flashset,Human Resources,Lithuanian
490,Langston,Pendrigh,Male,Dynabox,Legal,Italian
491,Jarrad,Jikylls,Male,Tagchat,Research and Development,Swati
492,Kalil,Jendrach,Male,Thoughtstorm,Accounting,Polish
493,Emmey,Cicerone,Female,Eire,Human Resources,French
494,Harlie,Sadgrove,Female,Yadel,Research and Development,Luxembourgish
495,Melba,Widdecombe,Female,Skinder,Marketing,Zulu
496,Barnie,Sappy,Male,Centizu,Training,Kazakh
497,Karlotta,Silvermann,Genderfluid,Dynabox,Business Development,Finnish
498,Esra,Draycott,Male,Brightbean,Product Management,Portuguese
499,Johnathan,Antognazzi,Male,Jayo,Accounting,Greek
500,Maynard,O'Feeny,Male,Jaloo,Accounting,Norwegian
